Name,Code,Code_ICAO
21 Air,2I,CSB
25Only Aviation,,ONY
2Excel Aviation,,BRO
40-Mile Air,Q5,MLA
748 Air Services,FE,IHO
9 Air,AQ,JYH
Abakan Air,S5,NKP
ABS Jets,,ABP
Abu Dhabi Aviation,,BAR
ABX Air,GB,ABX
Acass Ireland,,SON
Advanced Air,AN,WSN
Aegean Airlines,A3,AEE
Aer Lingus,EI,EIN
Aer Lingus UK,EG,EUK
AerCaribe,JK,ACL
Aero,N2,NIG
Aero Charter,,GLT
Aero Charter and Transport,,CTA
Aero Guernsey,,AEO
Aero K,RF,EOK
Aero Mongolia,M0,MNG
Aero Nomad Airlines,,ANK
Aero Regional,,RER
Aero-Beta Flight Training,,ABA
Aero-Dienst,,ADN
Aero-Service,,RSR
Aerodynamics,4A,DYN
Aeroflot,SU,AFL
Aerolineas Argentinas,AR,ARG
Aerolineas Sosa,P4,NSO
Aerolink Uganda,A8,XAU
AeroLogic,3S,BOX
Aeromar,VW,TAO
Aeromexico,AM,AMX
Aeromexico Connect,5D,SLI
Aeronaves TSM,,VTM
Aeronova,X5,OVA
Aeropartner,,DFC
Aeroservicios de la Costa,,TAA
Aerostan,,BSC
Aerosul Linhas Aereas,,ASO
Aerotec,,AEP
Aerotours,,ATU
Aerotranscargo,F5,ATG
AeroUnion,6R,TNO
Aerovias DAP,V5,DAP
Aerovis Airlines,,VIZ
Aerro Direkt,4D,DIR
AF-Aviation,,AFF
Afric Aviation,L8,EKG
Africa World Airlines,AW,AFW
African Express Airways,XU,AXK
Afrijet,J7,ABS
Afriqiyah Airways,8U,AAW
Air 1st Aviation,,RUF
Air Albania,ZB,ABN
Air Algerie,AH,DAH
Air Alliance,,AYY
Air Alsie,6I,MMD
Air Antilles,3S,GUY
Air Arabia,G9,ABY
Air Arabia Abu Dhabi,3L,ADY
Air Arabia Egypt,E5,RBG
Air Arabia Maroc,3O,MAC
Air Astana,KC,KZR
Air Atlanta Europe,,AAE
Air Atlanta Icelandic,CC,ABD
Air Austral,UU,REU
Air Bagan,W9,JAB
Air Baltic,BT,BTI
Air Belgium,KF,ABB
Air Bohemia,,BOH
Air Botswana,BP,BOT
Air Bucharest,,BUR
Air Burkina,2J,VBW
Air Busan,BX,ABL
Air Cairo,SM,MSC
Air Caledonie,TY,TPC
Air Canada,AC,ACA
Air Canada Rouge,RV,ROU
Air Caraibes,TX,FWI
Air Care Alliance,,CMF
Air Cargo Carriers,2Q,SNC
Air Cargo Global,CW,CCC
Air Century,Y2,CEY
Air Changan,9H,CGN
Air Charity Network,,NGF
Air Charter Scotland,,EDC
Air Charter Scotland Europe,,SCO
Air Chathams,3C,CVA
Air China,CA,CCA
Air China Cargo,,CAO
Air China Inner Mongolia,,CNM
Air Choice One,3E,ACO
Air CM Global,,RJR
Air Corsica,XK,CCM
Air Costa Rica,RI,RII
Air Cote d'Ivoire,HF,VRE
Air Creebec,YN,CRQ
Air Deccan,,DKN
Air Do,HD,ADO
Air Dolomiti,EN,DLA
Air Europa,UX,AEA
Air Excel,,XLL
Air Falcon,FS,FPK
Air Flamenco,F4,WAF
Air France,AF,AFR
Air France Hop,A5,HOP
Air Ghana,,GHN
Air Greenland,GL,GRL
Air Guilin,GT,CGH
Air Hamburg,,AHO
Air Hong Kong,LD,AHK
Air Horizont,HT,HAT
Air Incheon,KJ,AIH
Air India,AI,AIC
Air India Express,IX,AXB
Air Inuit,3H,AIE
Air Japan,NQ,AJX
Air KBZ,K7,KBZ
Air Kiribati,IK,AKL
Air Koryo,JS,KOR
Air Leisure,AL,ALD
Air Liaison,DU,LSJ
Air Libya,7I,TLR
Air Loyaute,,RLY
Air Macau,NX,AMU
Air Madagascar,MD,MDG
Air Malta,KM,AMC
Air Manas,ZM,MBB
Air Mauritius,MK,MAU
Air Mediterranean,MV,MAR
Air Moldova,9U,MLD
Air Montenegro,,MNE
Air Namibia,SW,NMB
Air New Zealand,NZ,ANZ
Air Niugini,PX,ANG
Air North,4N,ANT
Air Nostrum,YW,ANE
Air Nunavut,,BFF
Air Ocean Airlines,,AOA
Air Panama,7P,PST
Air Peace,P4,APK
Air Premia,YP,APZ
Air Rarotonga,GZ,RAR
Air Saint-Pierre,PJ,SPM
Air Senegal,HC,SZN
Air Seoul,RS,ASV
Air Seychelles,HM,SEY
Air Sinai,4D,ASD
Air Sunshine,,RSI
Air Tahiti,VT,VTA
Air Tahiti Nui,TN,THT
Air Tanzania,TC,ATC
Air Taxi & Charter International,,IBJ
Air Thanlwin,ST,AYG
Air Tindi,8T,TIN
Air Transat,TS,TSC
Air Transport Europe,,EAT
Air Transport International,8C,ATN
Air Travel,A6,OTC
Air Urga,3N,URG
Air Vanuatu,NF,AVN
Air Volta,,VLB
Air Wisconsin,ZW,AWI
Air X Charter,,AXY
Air Zimbabwe,UM,AZW
Air-Taxi Europe,,TWG
AirACT,9T,RUN
AirAsia,AK,AXM
AirAsia India,I5,IAD
AirAsia X,D7,XAX
Airbahn,UN,ARB
AirBlue,PA,ABQ
AirBridgeCargo Airlines,RU,ABW
Airbus,,AIB
Airbus Transport International,4Y,BGA
Aircalin,SB,ACI
Aircompany Armenia,RM,NGT
Aireon Canada,,AEN
Airest,,AEG
AirExplore,ED,AXE
Airfast Indonesia,,AFE
AirGO Private Airline,,XGO
Airhub Airlines,,GJM
Airkenya Express,P2,XAK
Airlec Air Espace,,ARL
Airlift International,,AIR
Airlink,,JAR
Airlink,4Z,LNK
AirNet,,USC
Airnorth,TL,ANO
Airpac Airlines,,APC
AirPink,,PNK
AirSERBIA,JU,ASL
AirSF Flight Services,,XSN
AirShare,,XSR
AirSial,PF,SIF
AirSmart,,XSM
Airsprint,,ASP
AirSWIFT,T6,ATX
AirTanker,9L,TOW
Airwing,,NWG
Airwork,,AWK
AIS Airlines,,PNX
Ajwaa Airlines,,AJY
Al-Naser Wings,NG,NAD
Alante Air Charter,,SVL
Alaska Airlines,AS,ASA
Alaska Central Express,KO,AER
AlbaStar,AP,LAV
Albatros Airlines,G0,GAL
Albawings,2B,AWT
Albinati Aeronautics,,LUC
Albinati Aeronautics,,ULC
Alexandria Airlines,DQ,KHH
Algonquin Airlink,,FSY
Alidaunia,D4,LID
AlisCargo Airlines,CP,LSI
Aliserio,,TJD
ALK Airlines,,VBB
Alkan Air,,ALN
Alkan Air,,AKN
All Nippon Airways,NH,ANA
Allegiant Air,G4,AAY
Alliance Air,9I,LLR
Alliance Airlines,QQ,UTY
Allied Air,4W,AJK
AlMasria Universal Airlines,UJ,LMU
Aloha Air Cargo,KH,AAH
Alphaland Aviation,,BIC
Alpine Air Express,5A,AIP
Alpine Flightservice,,FSE
Alrosa,6R,DRU
ALS,,ALW
Altagna,,AGH
Amakusa Airlines,MZ,AHX
Amapola Flyg,HP,APF
Amaszonas,Z8,AZN
AMC Airlines,,AMV
AMC Aviation,,AMQ
Amelia,8R,AIA
Amelia International,NL,AEH
American Air Charter,,GTW
American Airlines,AA,AAL
Ameriflight,A8,AMF
Amerijet International,M6,AJT
Ameristar,7Z,AJI
AMREF Flying Doctors,,FDS
AMS Airlines,,GEO
ANA Wings,EH,AKX
Anda Air,DM,SSV
Andes Lineas Aereas,,ANS
Angara Airlines,2G,AGU
Anguilla Air Services,Q3,AXL
Animawings,A2,AWG
Antonov Airlines,,ADB
APG Airlines,GP,RIV
Arajet,DM,DWI
Arcus Air,,AZE
Ariana Afghan Airlines,FG,AFG
Arik Air,W3,ARA
Arkia Israeli Airlines,IZ,AIZ
Armenia Airways,6A,AMW
Aruba Airlines,AG,ARU
ASAS Linhas Aereas,,CEU
ASG Business Aviation,,ESW
Asia Pacific Airlines,P9,MGE
Asia Sky Lines,,LIC
Asiana Airlines,OZ,AAR
Asky Airlines,KP,SKK
ASL Airlines,,ABR
ASL Airlines Belgium,3V,TAY
ASL Airlines France,5O,FPO
ASL Airlines Hungary,,FAH
ASL Airlines UK,,ABV
Astonjet,,ASJ
Astral Aviation,8V,ACP
ATA Airlines,I3,TBZ
ATI Jet,,CYO
Atlantic Airways,RC,FLI
Atlas Air,5Y,GTI
Atlas Air Service,,ATL
Atran,V8,VAS
Aura Airlines,U5,GWR
Auric Air,UI,AUK
Aurigny Air Services,GR,AUR
Aurora,HZ,SHU
Austrian Airlines,OS,AUA
Avanti Air,,ATV
Avcenter,,TTE
Avcon Jet,,AOJ
Avcon Jet Malta,,VCJ
Avcon Jet San Marino,,VAJ
Avelo Airlines,XP,VXP
Avia Traffic,YK,AVJ
Aviacon Zitotrans,ZR,AZS
Avianca,AV,AVA
Avianca Cargo,QT,TPA
Avianca Central America,TA,TAI
Avianca Costa Rica,LR,LRC
Avianca Ecuador,2K,GLG
Avianca Express,EX,AVR
Avianca Guatemala,GU,GUG
Aviastar,,VIT
Aviastar-TU,4B,TUP
Aviation Advisor,,LKF
Aviation Horizons,,HZS
Avion Express,X9,NVD
Avion Express Malta,,MLH
Avionord,,VND
Avior Airlines,9V,ROI
Azerbaijan Airlines,J2,AHY
Azimuth,A4,AZO
Azman Air,ZQ,AZM
Azores Airlines,S4,RZO
Aztec Airways,AJ,AZY
Azul Conecta,2F,ACN
Azul Linhas Aereas,AD,AZU
Azur Air,ZF,AZV
Azur Air Ukraine,QU,UTN
BA CityFlyer,CJ,CFE
Babcock MCS Espana,UV,INR
Babcock MCS France,,PTH
Babcock MCS Italia,,ELH
Babcock MCS Offshore,,BND
Babcock MCS Onshore,,RHD
Babcock Scandinavian AirAmbulance,,DFL
Baden Aircraft Operations,,BAO
Badr Airlines,J4,BDR
BAe Systems,,BAE
BAe Systems Marine,,VSB
Bahamasair,UP,BHS
Bakhtar Afghan Airlines,BM,BFO
Bamboo Airways,QH,BAV
Bangkok Airways,PG,BKP
BankAir,,BKA
Bar XH Air,,BXH
Baron Aviation Services,,BVN
Bassaka Air,5B,BSX
Batik Air,ID,BTK
Bearskin Airlines,JV,BLS
Bees Airline,7B,UBE
Beijing Airlines,,BJN
Bel Air Aviation,,BBX
Belavia,B2,BRU
Bemidji Airlines,CH,BMJ
Bering Air,8E,BRG
Berjaya Air,J8,BVT
Berniq Airways,NB,BNL
Berry Aviation,,BYA
Bestfly Aruba,,BFY
Bestfly Cabo Verde,3B,BCV
BH Air,8H,BGH
Bhutan Airlines,B3,BTN
Bighorn Airways,,BHR
Biman Bangladesh Airlines,BG,BBC
BinAir,,BID
Binter Canarias,NT,IBB
Bioflight,,BIO
Bismillah Airlines,BH,BML
Blue Air,0B,BLA
Blue Bird Aviation,,BLB
Blue Dart Aviation,BZ,BDA
Blue Islands,SI,BCI
Blue Square Aviation,,BSG
Bluebird Airways,BZ,BBG
Bluebird Aviation,,BBZ
Bluebird Nordic,BO,BBD
Boeing,,BOE
Boliviana de Aviacion,OB,BOV
Bookajet,,BOO
Boutique Air,4B,BTQ
BRA,TF,BRX
Bravo Airways,,BAY
Breeze Airways,MX,MXY
Bristow Helicopters,,BHL
Bristow Nigeria,,BHN
Bristow Norway,,NOR
Bristow US,L9,BTZ
British Airways,BA,BAW
British Airways Shuttle,,SHT
Bromma Air Maintenance,,CFL
Brussels Airlines,SN,BEL
Budapest Aircraft Service,RP,BPS
Buddha Air,U4,BHA
Budget Lines,BD,BGN
Buffalo Airways,,BFL
Bul Air,LB,BVL
Bulgaria - Government,,BGF
Bulgaria Air,FB,LZB
Buraq Air,UZ,BRQ
Business Wings,,JMP
Buzz,RR,RYS
C&M Airways,,RWG
Cabo Verde Airlines,VR,TCV
Caicos Express Airways,9Q,CXE
CAL Cargo Airlines,5C,ICL
Calafia Airlines,A7,CFV
Calm Air,MO,CAV
Calstar,,CMD
Camair-Co,QC,CRC
Cambodia Airways,KR,KME
Cambodia Angkor Air,K6,KHV
Cambodia Bayon Airlines,BD,BYC
Cameroon Airlines,UY,UYC
Canada - Department of Transport,,TGO
Canadian Airways Congo,,TWC
Canadian North,5T,AKT
Canarias Airlines,,RSC
CanaryFly,PM,CNF
Canavia,,CNA
Canjet Airlines,C6,CJA
Canlink Aviation,,MFC
CanWest Air,,CWA
Cape Air,9K,KAP
Capital Air Ambulance,,EGL
Capital Airlines,JD,CBJ
Capital City Air Carriers,,CCQ
Cardiff Aviation Malta,,SGO
Cardig Air,8F,CAD
Cargo Air,,CGF
Cargo Three,C3,CTW
Cargojet Airways,W8,CJT
CargoLogic Germany,6L,GCL
CargoLogicAir,P3,CLU
Cargolux,CV,CLX
Cargolux Italia,C8,ICV
Caribbean Airlines,BW,BWA
Carpatair,V3,KRP
Carson Air,,CRN
Caspian Airlines,IV,CPN
Castle Aviation,,CSJ
CAT Aviation,,CAZ
Cathay Pacific,CX,CPA
Catreus,,VCG
Cavok Air,,CVK
Cayman Airways,KX,CAY
Cebgo,DG,SRQ
Cebu Pacific,5J,CEB
Ceiba Intercontinental,C2,CEL
CemAir,5Z,KEM
Central Air Southwest,,CTL
Central Airlines,I9,HLF
Central Mountain Air,9M,GLR
Centreline,,CLF
Chair Airlines,GM,GSW
Chalair Aviation,CE,CLG
Challenge Airlines,X7,CHG
Cham Wings Airlines,6Q,SAW
Charter Jets,,LTC
Chartright Air,,HRT
CHC Helicopter,,HMB
CHC Helicopters Netherlands,,HNL
CHC Helicopters Nigeria,,ATQ
CHC Helikopter Service,,HKS
CHC International,,GCY
Chengdu Airlines,EU,UEA
Chervon Corporation,,GLH
Chicago Jet Group,,WDY
China Airlines,CI,CAL
China Cargo Airlines,CK,CKK
China Central Longhao Airlines,GI,LHA
China Eastern Airlines,MU,CES
China Express Airlines,G5,HXA
China Postal Airlines,CF,CYZ
China Southern Airlines,CZ,CSN
China United Airlines,KN,CUA
Chongqing Airlines,OQ,CQN
Chrono Aviation,,NDL
Cinnamon Air,C7,CIN
CITIC Offshore Helicopter,,CHC
Citilink,QG,CTV
Cityjet,WX,BCY
Civil Air Patrol,,CAP
Class Aviation,,DUC
Clipper Jet,,ORO
CM Airlines,CC,OMT
Coastal Aviation,CQ,CSV
Cobalt Air,CO,FCB
Cobham Aviation,NC,JTE
Cobham Aviation Services Australia,,NJS
Cobham Flight Inspection,,CLB
Colorful GuiZhou Airlines,GY,CGZ
Comair,MN,CAW
Comlux Aruba,CS,CXB
Comlux Aviation,,CLA
Comlux Aviation Malta,,MLM
CommutAir,C5,UCA
Compania Aeronautica Italiana,,CPI
Compass Cargo Airlines,,ADZ
Conair,,FGD
Condor,DE,CFG
Congo Airways,8Z,CGA
Connect Linhas Aereas,6C,CNT
Conquest Air,C4,QAI
Contour Aviation,LF,VTE
Conviasa,V0,VCV
Copa Airlines,CM,CMP
Copenhagen Airtaxi,,CAT
Corendon Airlines,XC,CAI
Corendon Airlines Europe,XR,CXI
Corendon Dutch Airlines,CD,CND
Corporate Air,,CPT
Corporate Air,,MLN
Corsair,SS,CRL
Costa Rica Green Airways,GW,GRA
Cristalux,Z7,AUZ
Croatia Airlines,OU,CTN
Cronos Airlines,C8,CRA
Cronos Airlines Benin,,CKL
CSA Air,,IRO
CSI Aviation,,CSI
Cubana,CU,CUB
Cygnus Air,,RGN
Cyprus Airways,CY,CYP
Czech Airlines,OK,CSA
Daallo Airlines,D3,DAO
Dalian Airlines,,CCD
Dana Air,9J,DAN
Dassault Falcon Service,,DSO
DAT,DX,DTR
DAT LT,R6,DNU
DC Aviation,,DCS
DEA Aviation,,WKT
Deer Jet,,DER
Deer Jet Beijing,,BDJ
Delta Air Lines,DL,DAL
Delta Private Jets,,DPJ
Dena Airways,D9,DAI
Denim Air,G6,DNM
Desert Jet,,DJR
DHL,D0,DHK
DHL Aero Expreso,D5,DAE
DHL Air Austria,Q7,DHA
DHL Aviation EEMEA,ES,DHX
Diamond Sky,,DMS
Directflight,,DCT
Divi Divi Air,3R,DVR
Dniproavia,,UDN
Donghai Airlines,DZ,EPA
Dornier Aviation Nigeria Aiep,DO,DAV
Douniah Airlines,DH,DTS
Dreamline Aviation,,DLX
Druk Air,KB,DRK
Dubai Air Wing,,DUB
E-Aviation,,EFD
E-Cargo Airlines,RF,ERF
EADS CASA,,AED
Eagle Air,,EGU
Eagle Air Iceland,,FEI
Eagle Airways,,EAG
Eagle Atlantic Airlines,,EAB
Eagle Creek Aviation,,EGC
EagleMed,,EMD
East Coast Jets,,ECJ
East-West Express,,EWU
Eastar Jet,ZE,ESR
Eastern Airlines,2D,EAL
Eastern Airways,T3,EZE
Eastern Australia Airlines,,EAQ
EasyFly,VE,EFY
easyJet,U2,EZY
easyJet Europe,EC,EJU
easyJet Switzerland,DS,EZS
EATIS,,SRK
Eclair Aviation,,ECC
ECO Airlines,,EKO
EcoJet,8J,ECO
Edelweiss Air,WK,EDW
EGO Airways,E3,EGW
EGT Jet,,EGT
EgyptAir,MS,MSR
EgyptAir Cargo,,MSX
El Al,LY,ELY
Elitavia,,EAV
Elitavia Malta,,EAU
Elite Airways,7Q,MNU
Ellinair,EL,ELB
Embraer,,EMB
Emerald Airlines,,EAI
Emetebe.com.ec,,EMT
Emirates,EK,UAE
Emperor Aviation,,EMM
Empire Airlines,EM,CFS
Empire Aviation,,MJE
ENAC Ecole Aviation Civile,,NAK
Encore Air Cargo,,DKT
Endeavor Air,9E,EDV
Enter Air,E4,ENT
Envoy Air,MQ,ENY
Epsilon Aviation,,GRV
equair,,EQX
Eritrean Airlines,B8,ERT
Estafeta,E7,ESF
Estelar,ES,ETR
ETF Airways,LI,EZZ
Ethiopian Airlines,ET,ETH
Etihad Airways,EY,ETD
Euro Link,,EUL
Euro-Asia Air,5B,EAK
EuroAtlantic Airways,YU,MMZ
Eurocopter Deutschland,,RDF
European Air Charter,H6,BUC
European Air Transport,QY,BCS
European Cargo,,URO
European Flight Academy,,PTO
European Flight Service,,EUW
European Flyers,,FYS
European SAO,,EKT
Eurowings,EW,EWG
Eurowings Discover,4Y,OCN
Eurowings Europe,E2,EWE
EVA Air,BR,EVA
Everts Air Alaska,5V,VTS
EWA Air,ZD,EWR
Excellent Air,,ECA
Execuflight,,EFT
Execujet Middle East,,EJO
Execujet Scandinavia,,VMP
Executive Jet Charter,,EXJ
Executive Jet Management,,EJM
Executive Jet Management,,JME
Exploits Valley Air Services,8K,EVS
Express Air Cargo,7A,XRC
Express Freighters Australia,QE,EFA
ExpressJet,EV,ASQ
ExpressJet Airlines,XE,BTA
Exxaero,,XRO
EZ Air,7Z,EZR
Eznis Airways,MG,EZA
FAI rent-a-jet,,IFA
Far Eastern Air Transport,FE,FEA
Fastjet,FN,FTZ
Fastjet Zimbabwe,FN,FJW
FedEx,FX,FDX
Fenix Air Charter,,FNX
Feuerwehr-Flugdienst Niedersachsen,,FFD
Fiji Airways,FJ,FJI
Fiji Link,,FJA
Finnair,AY,FIN
Firefly,FY,FFM
First Air,7F,FAB
First Nation Airways,,FRN
FitsAir,8D,EXV
Flair Airlines,F8,FLE
Fleet Air International,,FRF
Flexflight,W2,FXT
Flexjet,,LXJ
Flexjet Europe,,FLJ
Flexjet Operations Malta,,FJO
Flight Calibration Services,,FCK
Flight Calibration Services,,VOR
Flight options,,OPT
Flight Training Europe,,AYR
FlightExec,,FEX
Flightline,,FTL
Fltplan,,DCM
Flugfelag Islands,NY,FXI
Fly 7,,FSF
Fly Africa Zimbabwe,ZC,FZW
Fly Air41,,BER
Fly AllWays,8W,EDR
Fly Angola,EQ,FLA
Fly Armenia Airways,VF,FBB
Fly Art,T2,FLB
Fly Baghdad,IF,FBA
Fly Gangwon,4V,FGW
Fly Jamaica,OJ,FJM
Fly Jordan,F0,FJR
Fly One,5F,FIA
Fly SAX,,EXZ
Fly Sky Airlines,,FSQ
Fly Sky Airlines,,FSU
Fly Tyrol,,FTY
Fly2Sky,,VAW
Fly540,5H,FFV
Flyadeal,F3,FAD
FlyBig,S9,FLG
Flybondi,FO,FBZ
FlyBosnia,6W,FBS
FlyDamas,4J,FDK
FlyDubai,FZ,FDB
FlyEgypt,FT,FEG
FlyGTA Airlines,SX,TOR
Flying Business Aviation,,FBX
Flying Service,,FYG
FlyMe,VP,VQI
FlyMontserrat,5M,MNT
Flynas,XY,KNE
FlyPelican,FP,FRE
Flyr,FS,FOX
FlySafair,FA,SFR
FlySchool,,FSM
FR Aviation,,FRA
Freebird Airlines,FH,FHY
Freebird Airlines Europe,,FHM
Freight Runners Express,,FRG
French Bee,BF,FBU
Frontier Airlines,F9,FFT
Fuji Dream Airlines,JH,FDA
Fuzhou Airlines,FU,FZA
Galistair,GH,GTR
Gama Aviation (UK),,GMA
Gama Aviation (US),,GAJ
Garuda Indonesia,GA,GIA
Gazpromavia,4G,GZP
GCA Airlines,9A,GCA
General Atomic AeroTech Systems,,DOR
Genex,,GNX
Genghis Khan Airlines,9D,NMG
Geo Sky Airline,,GEL
Georgian Airways,A9,TGZ
German Airways,ZQ,GER
Gesellschaft Fur Flugzieldarstellung,,GFD
Gestair,,GES
GetJet Airlines,GW,GJT
Getjet Airlines Latvia,,DML
Global Air Charters,,GJE
Global Crossing Airlines,G6,GXA
Global Jet Luxembourg,,SVW
Global Supply Systems,,GSS
GlobeAir,,GAC
Globus,GH,GLP
Go First,G8,GOW
GoJet ,G7,GJS
GOL Linhas Aereas,G3,GLO
Goldeck Flug,,GDK
Golden Myanmar Airlines,Y5,GMR
Gouvernement du Quebec,,QUE
Grafair,,GFM
Grand Canyon Airlines,YR,CVU
Grand China Air,CN,GDC
Grant Aviation,GV,GUN
Greater Bay Airlines,HB,HGB
Green Africa Airways,Q9,GWG
Greybird Aviation,,GAG
GTA Air,,GTX
Gulf Air,GF,GFA
Gulf and Caribbean Cargo,IF,TSU
Gulf Wings,,GWC
GullivAir,G2,GBG
Guna Airlines,,GUA
GX Airlines,GX,CBG
Hahn Air,HR,HHN
Hai Au Aviation,,HAI
Hainan Airlines,HU,CHH
Hangar 8,,HGR
Hans Airways,,GKS
Harmony Jets,,HMJ
Hawaiian Airlines,HA,HAL
Hebei Airlines,NS,HBH
Heli Air Monaco,YO,MCM
Heli Holland,,HHE
Heli Securite,HS,HLI
Heli Service International,,HSO
Helijet International,,JBA
Helistar,,HSR
HELITY Copter Airlines,,HTY
Helvetic Airways,2L,OAW
Hera Flight,,HER
Hermes Airlines,H3,HRM
Heron Aviation,,HRN
Heston Airlines,HN,HST
Hi Air,4H,HGG
Hi Fly,5K,HFY
Hi Fly Malta,5M,HFM
Hibernian Airlines,HG,HBN
Himalaya Airlines,H9,HIM
Hinterland Aviation,OI,HND
HiSky,H7,HYM
HiSky Europe,H4,HYS
Hokkaido Air System,,NTH
Holiday Europe,5Q,HES
Hong Kong Air Cargo,RH,HKC
Hong Kong Airlines,HX,CRK
Hong Kong Express,UO,HKE
Hop-A-Jet,,HPJ
Horizon Air,QX,QXE
HTM Helicopter Travel Munich,,HTM
Hummingbird Aviation,,ETI
Hunnu Air,MR,MML
Hydro Quebec,0Q,HYD
Hyperion Aviation,,HYP
I-Fly,F7,RSY
iAero Airways,WQ,SWQ
IBC Airways,II,CSQ
Iberia,IB,IBE
Iberia Express,I2,IBS
Iberojet,E9,EVE
Ibex Airlines,FW,IBX
Ibom Air,QI,IAN
Icaro,X8,ICD
Icelandair,FI,ICE
ICS-Aero,,ICF
IFL Group,,IFL
ImperialJet,,JTI
IndiGo,6E,IGO
Indonesia AirAsia,QZ,AWQ
iNTAIRLINE,,ITI
Intel Air Shuttle,,HGT
InterCaribbean Airways,JY,IWY
InterJet West,K8,IJW
International Committee of the Red Cross,,RED
International Jet Management,,IJM
InterSky,3L,ISK
IrAero,IO,IAE
Iran Air,IR,IRA
Iran Airtour,B9,IRB
Iran Aseman Airlines,EP,IRC
Iraqi Airways,IA,IAW
IRS Airlines,,LVB
Israir Airlines,6H,ISR
Italfly,,ITL
Italia Trasporto Aereo,AZ,ITY
Itapemirim Transportes Aereos,8I,IPM
iXAir,,IXR
Izair,4I,IZM
Izhavia,I8,IZA
J-Air,JL,JLJ
JA Air Charter,,LTD
JAL Express,JC,JEX
Jambojet,JM,JMA
Japan Air Commuter,3X,JAC
Japan Airlines,JL,JAL
Japan Transocean Air,NU,JTA
Jasmin Airways,JO,JAW
Jazeera Airways,J9,JZR
Jazz Aviation,QK,JZA
JC Airlines,QD,JCC
JC Bamford Excavators,,JCB
Jeju Air,7C,JJA
Jet Airways,9W,JAI
Jet Asia Airways,JF,JAA
Jet Aviation Business Jets,,PJS
Jet Aviation Flight Services,,JAS
Jet Aviation Zurich Airport,,VCN
Jet Charter,N2,JCT
Jet Edge,,EDG
Jet Executive,,JEI
Jet Express,,RFE
Jet Fly Airline,,JFL
Jet It,,JIT
Jet Linx Aviation,,JTL
Jet Logistics,,JLG
Jet Story,,JDI
Jet Test International,,JTN
Jet2,LS,EXS
Jetair Caribbean,4J,JRC
Jetalliance East,,PLS
Jetbee Czech,,JBC
JetBlue Airways,B6,JBU
Jetcall,,JCL
Jetclub,0J,JCS
Jetconnect,,QNZ
JetFlite,,JEF
Jetfly Aviation,,JFA
Jetkontor,,JKH
JetLite,S2,JLL
JetNetherlands,,JNL
JetRight,,JRT
JetSMART,JA,JAT
JetSMART Argentina,WJ,JES
Jetstar Airways,JQ,JST
Jetstar Asia,3K,JSA
Jetstar Japan,GK,JJP
JetStream,,JSH
Jetsuite Air,,RSP
Jettime,,JTD
Jetways Airlines,WU,JWX
Jiangsu Jingdong Cargo Airlines,,JDL
Jiangxi Air,RY,CJX
Jin Air,LJ,JNA
Jinxiang Airlines,,JXX
Jivair,,JIV
Jonair,,JON
Jonika,,JNK
Jordan Aviation,R5,JAV
Jordan International Air Cargo,,JCI
Jota Aviation,,ENZ
JoyAir,JR,JOY
JSX,XE,JSX
Jubba Airways,JZ,JBW
Juneyao Air,HO,DKH
Jung Sky,,JSY
Just Us Air,,JOC
K-Mile Air,8K,KMI
K5-Aviation Germany,,KAY
KaiserAir,,KAI
Kalitta Air,K4,CKS
Kalitta Charters,K9,KFS
Kalitta Charters II,CB,KII
Kam Air,RQ,KMF
Kamaka Air,,KMK
Kan Air,K8,KND
KAP.kg,AB,KGS
Kargo Xpress,WW,KXP
Kartika Airlines,3Y,KAE
Karun Airlines,,KRU
KD Air,,KDC
Keewatin Air,FK,KEW
Kelowna Flightcraft Air,FK,KFA
Kenmore Air,M5,KEN
Kenn Borek Air,4K,KBA
Kenya Airways,KQ,KQA
Key Air,,KEY
Key Lime Air,KG,LYM
Keystone Air Service,,KEE
Khors Air,,KHO
Kish Air,,KIS
KlasJet,,KLJ
KLM,KL,KLM
KLM Cityhopper,WA,KLC
KN Helicopters,,SHW
Komiaviatrans,KO,KMA
Korean Air,KE,KAL
Kosmos Airlines,,KSM
Krasavia,KI,SSJ
Kunming Airlines,KY,KNA
Kuwait Airways,KU,KAC
La Compagnie,B0,DJT
Labcorp,,SKQ
LADE,5U,LDE
LAM,TM,LAM
Lanmei Airlines,LQ,MKR
Lao Airlines,QV,LAO
Lao Skyway,LK,LLL
LAS Cargo,4L,LAU
Laser Airlines,QL,LER
LATAM Airlines,LA,LAN
LATAM Brasil,JJ,TAM
LATAM Cargo Brasil,M3,LTG
LATAM Cargo Chile,UC,LCO
LATAM Cargo Colombia,L7,LAE
LATAM Chile,LU,LXP
LATAM Colombia,4C,ARE
LATAM Ecuador,XL,LNE
LATAM Paraguay,PZ,LAP
LATAM Peru,LP,LPE
Lauda Europe,LW,LDA
LC Peru,W4,LCB
Leader,,LSA
Legacy Airways,,LGF
LIAT,LI,LIA
Libyan Airlines,LN,LAA
Libyan Wings,YL,LWA
Liebherr,,LHB
Lift Airline,GE,GBB
Limitless Airways,,LIM
Línea Turística Aereotuy,,TUY
Lion Air,JT,LNI
Lipican Aer,,LIP
LLC H3Operations,,UHO
Loganair,LM,LOG
LongJiang Airlines,LT,SNG
Longtail Aviation,6T,LGT
Loong Air,GJ,CDC
LOT,LO,LOT
Lucky Air,8L,LKE
Lufthansa,LH,DLH
Lufthansa Cargo,,GEC
Lufthansa CityLine,CL,CLH
Lufttransport,,LTR
Lunds Universitet,,UNY
Luxair,LG,LGL
Luxaviation,,LXA
Luxaviation Belgium,,AAB
Luxaviation E.A,,LMJ
Luxaviation Germany,,LXG
Luxaviation UK,,LNX
Luxembourg Air Ambulance,,LRQ
Luxwing,BN,LWG
Lydd Air,,LYD
Lynden Air Cargo,L2,LYC
Lynx Air,Y9,DAT
Magnicharters,UJ,GMT
Mahan Air,W5,IRM
Makers Air,,WMA
Malawian Airlines,3W,MWI
Malaysia Airlines,MH,MAS
Maldivian,Q2,DQA
Maleth-Aero,DB,MLT
Mali Air,,MAE
Malindo Air,OD,MXD
Malta Air,AL,MAY
Manasik Aviation,,MNM
Mandarin Airlines,AE,MDA
Mango,JE,MNO
Mann Yadanarpon Airlines,7Y,MYP
Manta Air,NR,MAV
Map Linhas Aereas,7M,PAM
Martinair Holland,MP,MPH
Martinaire,,MRA
MasAir Cargo Airline,M7,MAA
MASwings,MY,MWG
Mauritania Airlines International,L6,MAI
Max Air,VM,NGL
Max Aviation,,MAX
Maxair,,NTW
Maximus Airlines,6M,MXM
Maya Island Air,2M,MYD
MAYAir,7M,MYI
McCall Aviation,,MKL
McNeely Charter Services,,MDS
MEA,ME,MEA
Med-View Airline,VL,MEV
Medavia,,MDM
Mel Air,5M,MDO
Meraj Airlines,,MRJ
Mercury Air Cargo,4X,MEC
Meridian,,MEM
Meridian Air Company,,MMM
Mesa Airlines,YV,ASH
MHS Aviation,M2,MHV
Miami Air International,LL,BSK
Miami Air Lease,,MGD
MIAT Mongolian Airlines,OM,MGL
Mid Africa Aviation,,MFG
Midwest Aviation,,DZR
Midwest Aviation Division,,MWT
MJet,,MJF
MNG Airlines,MB,MNB
Moçambique Expresso,,MXE
Modern Logistics,WD,MWM
Monacair,QM,MCR
Morningstar Air Express,,MAL
Motor Sich Airlines,M9,MSI
Mount Cook Airline,NM,NZM
Mountain Air Cargo,C2,MTN
Mountain Aviation,,FTH
Move,,MVE
My Indo Airlines,2Y,MYU
My Jet Saver,,MJS
Myanmar Airways International,8M,MMA
Myanmar National Airlines,UB,UBA
MyWay Airlines,MJ,MYW
Naljets Limited,,APX
Nam Air,IN,LKN
Nantucket Airlines,,ACK
National Air Charters,JY,JYA
National Airlines,N8,NCR
National Airways,,NAE
National Jet Systems,,QJE
Nauru Airlines,ON,RON
Naysa,ZN,NAY
Neos,NO,NOS
Nepal Airlines,RA,RNA
Nesma Airlines,NA,NSS
Nesma Airlines,NE,NMA
NetJets,1I,EJA
NetJets Europe,,NJE
Netjets UK,,NJU
Network Aviation,,NWK
New England Airlines,EJ,NEA
New England Patriots,,UDG
NHC Northern Helicopter,,NHC
NHV,,NHD
NHV Helicopters,,NHZ
NightExpress,,EXT
Nile Air,NP,NIA
Nippon Cargo Airlines,KZ,NCA
Nok Air,DD,NOK
Nolinor Aviation,N5,NRL
Nomadic Aviation,,OMD
Noordzee Helikopters Vlaanderen,,NHX
Nordica,ND,NDA
NordStar,Y7,TYA
Nordwind Airlines,N4,NWS
Norlandair,,FNA
NORRA,N7,FCM
North Cariboo Air,,NCB
North Central,,NCJ
North Flying,,NFA
North Pole Parcel Service,,R3D
North Star Aviation,,MVK
North-West Air Company,0E,NWC
North-Western Cargo International Airlines,CO,CNW
North-Wright Airways,HW,NWL
Northeastern Aviation Corporation,,NEW
Northern Air Cargo,NC,NAC
Northern Thunderbird Air,,NTA
Northwest Flyers,,NWF
Northwestern Air,J3,PLR
Norwegian,,NAX
Norwegian Air International,,IBK
Norwegian Air Shuttle AOC,DY,NOZ
Norwegian Air Sweden,LE,NSW
Norwegian Air Sweden AOC,D8,NSZ
Norwegian Air UK,DI,NRS
Norwegian Long Haul,,NLH
Nouvelair Tunisie,BJ,LBT
Nova Airways,,NOV
Novair,NG,NAI
Novair,N9,NVR
Novoair,VQ,NVQ
Nyxair,OJ,NYX
OK Aviation Group,,NTF
Okay Airways,BK,OKA
Olympic Air,OA,OAL
Olympus Airways,,OLY
Oman Air,WY,OMA
Omni Air International,OY,OAE
Omni Air Transport,,DRL
Omni Aviation,,OAV
Omni Taxi Aereo,,OMI
One Airways,OX,OEW
Open Skies,LV,BOS
Orbest,6O,OBS
Orenburzhye,O7,ORG
Oriental Air Bridge,OC,ORC
Origin Air,OG,OGN
Ornge Air,,PUL
Oscar Jet,,OSJ
OSM Aviation Academy,,SCQ
OTT Airlines,JF,OTT
Overland Airways,OF,OLA
Oxford Aviation Academy,,OXF
Paccair,,WIS
Pacific Airline,BL,PIC
Pacific Coast Jet,,PXT
Pacific Coastal Airlines,8P,PCO
PADAviation,,PVD
Pakistan International Airlines,PK,PIA
PAL Airlines,PB,PVL
PAL Express,2P,GAP
Palau Express Airlines,P9,PXC
Palau National Airlines,4L,PNA
Pan Europeenne Air Service,,PEA
Pan Pacific Airlines,8Y,AAV
Panaviatic,,VPC
Panellenic Airlines,,RJB
Paranair,ZP,AZP
Pascan Aviation,P6,PSC
PassionAir,OP,DIG
Patient Airlift Services,,PLZ
Patria Pilot Training,,PPT
PAWA Dominicana,7N,PWD
Peach,MM,APJ
Pegas Fly,EO,KAR
Pegasus Airlines,PC,PGT
Pegasus Elite Aviation,,PEG
Pel-Air,,PFY
People's,PE,PEV
Perimeter Aviation,YP,PAG
PHI,,PHM
Philippine Airlines,PR,PAL
Philippines AirAsia,Z2,APG
Phoenix Air,PH,GRB
Piedmont Airlines,PT,PDT
Pilatus Flugzeugwerke,,PCH
Pilot Flight Academy,,PIP
Pineapple Air,,PNP
Pink Sparrow,,SOW
Pivot Airlines,ZX,GGN
PixAir Survey,,PXR
Planemaster Services,,PMS
PlaneSense,,CNS
Play,OG,FPY
Plus Ultra,PU,PUE
PNG Air,CG,TOK
Pobeda,DP,PBD
Polar Air Cargo,PO,PAC
Polar Airlines,PI,RKA
Polish Medical Air Rescue,,LPR
Porter Airlines,PD,POE
Portugália Airlines,NI,PGA
Poste Air Cargo,M4,MSA
Precision Air,PW,PRF
Premier Private Jets,,MVP
Presidential Aviation,,PRD
Priester Aviation,,PWA
Prime Aviation,,PRZ
Prince Aviation,,PNC
Priority Air Charter,,PRY
Privaira,,PVO
Private Jets,,OKC
Private Wings,8W,PWF
Privilege Style,P6,PVG
ProAir Aviation,,PAV
Proflight Air Services,P0,PFZ
PSA Airlines,OH,JIA
Qanot Sharq,HH,QNT
Qantas,QF,QFA
QantasLink,,QLK
Qatar - Amiri Flight,,QAF
Qatar Air Cargo,,QAC
Qatar Airways,QR,QTR
Qatar Executive,QE,QQE
Qazaq Air,IQ,QAZ
Qeshm Airlines,QB,QSM
Qingdao Airlines,QW,QDA
Qingdao Jiutian International Flight Academy,,QJT
Queen Air,,QNR
Quest Diagnostics,,LBQ
Quick Air Jet Charter,,QAJ
Quikjet Cargo Airlines,QO,FQA
RAF-Avia,MT,MTL
RAM Express,,RXP
Ravenair,,RVR
Raya Airways,TH,RMY
Rayani Air,RN,RKT
Reach Air Medical Services,,REH
Real Tonga Airline,,RLT
Rectrix Aviation,,RIX
Red Air,L5,REA
Red Wing Aeroplane,,LAK
Red Wings,WZ,RWZ
Redding Aero Enterprises,,BXR
Redstar Aviation,,RHH
Regent Airways,RX,RGE
Regional,YS,RAE
Regional Air Services,8N,REG
Republic Airways,YX,RPA
Rex,ZL,RXA
Rhoades Aviation,T4,RDS
Richland Aviation,,RCA
ROMCargo Airlines,NJ,RCR
Rose Air,,REM
Rossiya,FV,SDM
Rossiya - Special Flight Squadron,,RSD
Rotana Jet,RG,RJD
Royal Air Freight,,RAX
Royal Air Maroc,AT,RAM
Royal Brunei Airlines,BI,RBA
Royal Falcon,,RFJ
Royal Flight,RL,ABG
Royal Jordanian,RJ,RJA
Royal Wings,JO,RYW
Royalair Philippines,RW,RYL
Rubystar,,RSB
Ruili Airlines,DR,RLH
RUS Aviation,R4,RLB
Rusline,7R,RLU
Russia - Ministry of Emergency Situations (MChS),,SUM
Rutaca Airlines,5R,RUC
RVL Aviation,,REV
RwandAir,WB,RWD
RWL German Flight Academy,,RWL
Ryan Air (USA),7S,RYA
Ryanair,FR,RYR
Ryanair UK,RK,RUK
Ryukyu Air Commuter,,RAC
S7 Airlines,S7,SBI
SA Express,XZ,EXY
SAAB Aircraft,,SCT
SAAB Nyge Aero,,TGT
SAF Helicopteres,,SHP
Safarilink Aviation,F2,XLK
Safi Airways,4Q,SFW
Saha Airlines,,IRZ
SalamAir,OV,OMS
Salzburg Jet Aviation,,MOZ
Samoa Airways,OL,PAO
San Marino Executive Aviation,,SMF
Sansa,,LRS
Sapsan Airline,,KGB
Sardinian Sky Service,,SSR
SAS,SK,SAS
SAS Connect,SL,SZS
SATA Air Acores,SP,SAT
Satena,9R,NSE
Saudia,SV,SVA
Sawyer Aviation,,SJA
SaxonAir,,SXN
SBA Airlines,S3,BBR
Scanwings,,ABF
SCAT,DV,VSV
Scoot,TR,TGW
Seaborne,BB,SBS
SeaPort Airlines,K5,SQH
Secure Air Charter,,JCM
Sepehran Airlines,IS,SHI
Serene Air,ER,SEP
Servizi Aerei,,SNM
Sevenair,,RVP
Severstal Aircompany,D2,SSF
SF Airlines,O3,CSS
Shandong Airlines,SC,CDG
Shanghai Airlines,FM,CSH
Shenzhen Airlines,ZH,CSZ
Shirak Avia,,SHS
Shree Airlines,N9,SHA
Shuttle America,S5,TCF
Siam General Aviation,5E,SGN
Sichuan Airlines,3U,CSC
Sideral Linhas Aereas,,SID
Sierra West Airlines,P8,PKW
Silesia Air,,SUA
Silk Way Airlines,ZP,AZQ
Silk Way West Airlines,7L,AZG
Silver Air,,SIS
Silver Air,,SLD
Silver Airways,3M,SIL
Silver Cloud Air,,SCR
Silverhawk Aviation,,SLH
Silverstone Air Services,,SLR
Simrik Airlines,,RMK
Singapore Airlines,SQ,SIA
Singapore Airlines Cargo,,SQC
Sirio,,SIO
Sirius Aero,SA,CIG
SKS Airways,KI,SJB
Sky Airline,H2,SKU
Sky Airline Peru,H8,SKX
Sky Angkor Airlines,ZA,SWM
Sky Bus,,HVY
Sky Cana,RD,SNA
Sky Express,GQ,SEH
Sky Gates Airlines,U3,SAY
Sky KG Airlines,,KGK
Sky Lease Cargo,GG,KYE
Sky Mali,ML,FML
Sky Quest,,ERY
Skyborne Airline Academy,,SFY
Skybridge,,KYB
Skybus,,IOS
Skyfirst,,KFE
SkyJet Airlines,M8,MSJ
SkyLink Express,,SLQ
Skymark Airlines,BC,SKY
Skyservice Business Aviation,,SYB
Skytaxi,TE,IGA
Skytrans,QN,SKP
SkyUp Airlines,PQ,SQP
Skyward Express,OW,SEW
Skyway Enterprises,,SKZ
SkyWest Airlines,OO,SKW
Slam Lavori Aerei,,SLJ
Sloane Helicopters,,SLN
Smart Aviation,,SME
Smart Jet,,SAH
Smartavia,5N,AUL
Smartline,,SMG
SmartLynx,6Y,ART
SmartLynx Airlines Estonia,,MYX
SmartLynx Malta,2N,LYX
Smartwings,QS,TVS
Smartwings Hungary,7O,TVL
Smartwings Poland,3Z,TVP
Smartwings Slovakia,6D,TVQ
Solairus Aviation,,TWY
Solaseed Air,6J,SNJ
Solenta Aviation,,SET
Solid Air,,SOX
Solinair,SP,SOP
Solomon Airlines,IE,SOL
Somon Air,SZ,SMR
Songbird Airways,6K,SGB
Sounds Air,S8,SDA
South African Airways,SA,SAA
Southern Air,9S,SOO
Southern Air Charter,PL,SOA
Southern Airways Express,9X,FDY
Southern Cross International,,SXI
Southwest Airlines,WN,SWA
Sparfell Luftfahrt,,LDX
Speedwings Executive Jet,,SPG
SpiceJet,SG,SEJ
Spirit Airlines,NK,NKS
SpiritJets,,SJJ
Spring Airlines,9C,CQH
Spring Airlines Japan,IJ,SJO
SprintAir,P8,SRN
SriLankan Airlines,UL,ALK
Sriwijaya Air,SJ,SJY
St Barth Commuter,PV,SBU
St Barth Executive,,STB
STAjets,,KFB
Star Air,DJ,SRR
Star Air,S5,SDG
Star Air Cargo,,BRH
Star East Airlines,4R,SEK
Star Peru,2I,SRU
Star Wings,,STQ
Starflyer,7G,SFJ
Starlight Airlines,QP,SLT
Starlink Aviation,Q4,TLK
Starlux,JX,SJX
Sterling Aviation,,NSH
Suburban Air Freight,,SUB
Sudan Airways,SD,SUD
Sun Air,1Y,SNR
Sun Country Airlines,SY,SCX
Sun-Air,EZ,SUS
Sunair Aviation,ZU,SAV
Sunclass Airlines,DK,VKG
Suncor Energy,,JSN
Sundair,SR,SDR
Sundance Air Venezuela,R8,SUV
Sundt Air,,AKK
Sundt Air,,MDT
SunExpress,XQ,SXS
Sunkar Air,,BBK
Sunrise Airways,S6,KSZ
Sunstate Airlines,,SSQ
Sunwest Aviation,,CNK
Sunwing Airlines,WG,SWG
Suparna Airlines,Y8,YZR
Super Air Jet,IU,SJV
Surf Air,,URF
Surinam Airways,PY,SLM
Susi Air,,SQS
Svenskt Ambulansflyg,,SWE
Svenskt Industriflyg,,JET
Sweden - Swedish Maritime Administration,,HMF
Swiftair,WT,SWT
Swiftair Hellas,,MDF
Swiss,LX,SWR
Swiss Air-Ambulance,,SAZ
Swiss Flight Services,,SFS
Swiss Global Air Lines,LZ,SWU
Swiss Helicopter,,HSI
Swoop,WO,WSW
Sylt Air,7E,AWU
Syncrude Canada,,SYN
Syrian Air,RB,SYR
T'way Air,TW,TWB
TAAG Angola Airlines,DT,DTA
TAB Cargo,2L,BOL
Taban Airlines,,TBN
TAG Airlines,5U,TGU
TAG Aviation,,VIP
TAG Aviation Malta,,TEU
TAG Aviation San Marino,,TAG
Tailwind Air,TQ,PGN
Tailwind Airlines,TI,TWI
Tajik Air,7J,TJK
Talon Air,,TFF
Tanana Air Service,Z3,TNR
Tandem-Aero,TQ,TDM
TAP Air Portugal,TP,TAP
Taquan Air,K3,TQN
TAR Aerolineas,YQ,LCT
Tarco Air,3T,TQQ
Tarom,RO,ROT
Tasman Cargo Airlines,HJ,TMN
Tassili Airlines,SF,DTH
Tayaran Jet,,TJB
TCA,N6,TZS
Tchadia Airlines,OT,CDO
Ten Airways,X5,OTJ
Terra Avia,T8,TVR
Texel Air,,XLR
Tez Jet Airlines,,TEZ
Thai AirAsia,FD,AIQ
Thai AirAsia X,XJ,TAX
Thai Airways,TG,THA
Thai Eastar Jet,ZT,ESS
Thai Lion Air,SL,TLM
Thai Smile,WE,THD
Thai Vietjet Air,VZ,TVJ
The Little Jet Company,,LJC
Thomas Cook Airlines,MT,TCX
Thomas Cook Aviation,H3,TCN
Thrive,,TIV
Thunder Airlines,,THU
Tianjin Air Cargo,HT,CTJ
Tianjin Airlines,GS,GCR
Tiara Air,3P,TNM
Tibet Airlines,TV,TBA
Tigerair Taiwan,IT,TTW
Time Air,,TIE
Titan Airways,ZT,AWC
Titan Airways Malta,TM,TMT
Toll Aviation,,TFX
Total Cargo,L1,TTL
Toyo Aviation,,TOY
Trade Air,C3,TDR
Tradewind Aviation,TJ,GPD
Trans Air Congo,Q8,TSG
Trans Guyana Airways,,TGY
Trans Maldivian Airways,,TMW
Transair,R2,GTS
Transair,R9,MUI
Transavia,HV,TRA
Transavia France,TO,TVF
Transaviabaltika,,KTB
Transaviaexport Airlines,,TXC
TransNusa,8B,TNU
Transwest Air,4T,WEW
Travel Management Company,,TMC
Tri-MG Intra Asia Airlines,GM,TMG
Tri-State Aero,,TSS
Trigana Air,IL,TGN
Tropic Air,9N,TOS
Trujet,2T,TRJ
Tsaradia,TZ,TDS
TUI Airways,BY,TOM
TUI fly,X3,TUI
TUI fly Netherlands,OR,TFL
TUI fly Nordic,6B,BLX
TUIfly Belgium,TB,JAF
TUM AeroCarga,,MCS
Tunisair,TU,TAR
Tunisair Express,UG,TUX
Turkish Airlines,TK,THY
Turkmenistan Airlines,T5,TUA
Turkuaz Airlines,,TRK
Turpial Airlines,T9,VTU
Tus Airways,U8,CYF
Twin Jet,T7,TJT
Tyrol Air Ambulance,,TYW
Tyrolean Jet Service,,TJS
UG Jet,,UGJ
Uganda Airlines,UR,UGD
Ukraine Air Alliance,,UKL
Ukraine International Airlines,PS,AUI
Ukrainian Mediterranean Airlines,UF,UKM
Ukrainian Wings,,UWJ
ULS Airlines Cargo,GO,KZU
Ultimate Air Shuttle,UE,UJC
UNI Air,B7,UIA
Uni-Top Airlines,UW,UTP
Union Aviation,,UAG
Unique Air,,UQA
United Airlines,UA,UAL
United Nations,,UNO
United Nigeria Airlines,U5,NUA
United States - US Forest Service,,XCN
Uniworld Air Cargo,U7,UCG
UPS,5X,UPS
UR Airlines,UD,UBD
Ural Airlines,U6,SVR
Urumqi Airlines,UQ,CUH
US-Bangla Airlines,BS,UBG
USA Jet Airlines,,JUS
UTair,UT,UTA
UVT Aero,RT,UVT
Uzbekistan Airways,HY,UZB
V Air,ZV,VAX
Valair,,VVV
Valljet,,VLJ
Van Air Europe,V9,VAA
Vanilla Air,JW,VNL
Varesh Airlines,,VRH
Vasco,0V,VFC
Venezolana,,VNE
Veteran Airline,,VTF
Veteran Airlines,,VPB
VI Airlink,,VIL
ViaAir,VC,SRY
Vieques Air Link,V4,VES
VietJet Air,VJ,VJC
Vietnam Airlines,VN,HVN
Vietravel Airlines,VU,VAG
VIM Airlines,NN,MOV
Virgin America,VX,VRD
Virgin Atlantic,VS,VIR
Virgin Atlantic International,,VGI
Virgin Australia,VA,VOZ
Virgin Australia Regional,,OZW
Vision Air International,,VIS
Vision Airlines,V2,RBY
VistaJet,,VJT
Vistara,UK,VTI
Viva Air,VH,VVC
Viva Air Peru,VV,VPE
VivaAerobus,VB,VIV
VoePass Linhas Aereas,2Z,PTB
Volare Aviation,,VLZ
Volaris,Y4,VOI
Volaris Costa Rica,Q6,VOC
Volaris El Salvador,N3,VOS
Volga-Dnepr Airlines,VI,VDA
Volotea,V7,VOE
Voluxis,,VXS
Voyage Air,VO,VRG
Voyageur Airways,VC,VAL
Vueling,VY,VLG
VW Air Service,,BTX
Waltzing Matilda Aviation,MW,WZM
Wamos Air,EB,PLM
Warbelows Air Ventures,4W,WAV
Wasaya Airways,,WSG
Wataniya Airways,,WAN
West Air,PN,CHB
West Air,,WLX
West Air,,PCM
West Air Sweden,,SWN
West Atlantic,,NPT
West Coast Charters,,WCC
Westair Aviation,WV,WAA
Western Air,WU,WST
Western Air Express,,WAE
Western Aircraft,ST,STT
Western Global Airlines,KD,WGN
WestJet,WS,WJA
WestJet Encore,WR,WEN
White,WI,WHT
Wideroe,WF,WIF
Wiggins Airways,,WIG
Wiking Helikopter Service,,WHS
Winair,WM,WIA
Windrose Air Jetcharter,,QGA
Windrose Airlines,7W,WRC
Wingo,P5,RPB
Wings Air,IW,WON
Wings of Lebanon,W7,WLB
Wizz Air,W6,WZZ
Wizz Air Abu Dhabi,5W,WAZ
Wizz Air UK,W9,WUK
World Atlantic Airlines,WL,WAL
World Cargo Airlines,3G,WCM
World2Fly,2W,WFL
Worldwide Jet Charter,,WWI
Wright Air Service,8V,WRF
Xfly,EE,EST
Xiamen Air,MF,CXA
Xo,,XOJ
Yakutia Airlines,R3,SYL
Yamal Airlines,YC,LLM
YanAir,YE,ANR
Yemenia,IY,IYE
Yeti Airlines,YT,NYT
YTO Cargo Airlines,YG,HYT
Zagros Airlines,ZO,IZG
Zambia Airways,ZN,AZB
Zambian Airways,,MBN
Zanair,,TAN
Zenflight,,XEN
Zenith Aviation,,BZE
Zetavia,ZK,ZAV
Zimex Aviation,XM,IMX
Zimex Aviation Austria,,AZD
ZIPAIR,ZG,TZP
Zorex,,ORZ
